{"cameraMode":{"drawMode":0,"name":"Shaded","section":"Shading Mode"},"sceneLighting":false,"audioPlay":false,"sceneViewState":{"showFog":true,"showMaterialUpdate":false,"showSkybox":false,"showFlares":true,"showImageEffects":true,"showParticleSystems":true},"in2DMode":false,"pivot":{"x":3.1144320964813234,"y":3.902242422103882,"z":1.5406709909439088},"rotation":{"x":0.1738615781068802,"y":-0.7051085829734802,"z":0.1851697564125061,"w":0.6620625257492065},"size":1.2247449159622193,"orthographic":false}