{"cameraMode":{"drawMode":0,"name":"Shaded","section":"Shading Mode"},"sceneLighting":false,"audioPlay":false,"sceneViewState":{"showFog":true,"showMaterialUpdate":false,"showSkybox":true,"showFlares":true,"showImageEffects":true,"showParticleSystems":true},"in2DMode":false,"pivot":{"x":1.9000000953674317,"y":1.799999713897705,"z":1.299999713897705},"rotation":{"x":-0.2394493669271469,"y":0.6115679740905762,"z":-0.20151934027671815,"w":-0.7266700863838196},"size":12.779070854187012,"orthographic":false}