{"cameraMode":{"drawMode":0,"name":"Shaded","section":"Shading Mode"},"sceneLighting":false,"audioPlay":false,"sceneViewState":{"showFog":true,"showMaterialUpdate":false,"showSkybox":true,"showFlares":true,"showImageEffects":true,"showParticleSystems":true},"in2DMode":false,"pivot":{"x":4.156188488006592,"y":5.317278861999512,"z":-1.8719420433044434},"rotation":{"x":0.4571825861930847,"y":-0.5033689141273499,"z":0.36033672094345095,"w":0.6386041045188904},"size":2.3882265090942385,"orthographic":false}