{"cameraMode":{"drawMode":0,"name":"Shaded","section":"Shading Mode"},"sceneLighting":false,"audioPlay":false,"sceneViewState":{"showFog":true,"showMaterialUpdate":false,"showSkybox":true,"showFlares":true,"showImageEffects":true,"showParticleSystems":true},"in2DMode":false,"pivot":{"x":733.2000122070313,"y":151.29998779296876,"z":0.0},"rotation":{"x":-0.3602020740509033,"y":-0.060947515070438388,"z":0.02359444461762905,"w":-0.9305886030197144},"size":112.8223876953125,"orthographic":false}