{"cameraMode":{"drawMode":0,"name":"Shaded","section":"Shading Mode"},"sceneLighting":false,"audioPlay":false,"sceneViewState":{"showFog":true,"showMaterialUpdate":false,"showSkybox":true,"showFlares":true,"showImageEffects":true,"showParticleSystems":true},"in2DMode":false,"pivot":{"x":-8.829706192016602,"y":-6.226409912109375,"z":14.445405006408692},"rotation":{"x":0.2165616750717163,"y":-0.7123130559921265,"z":0.6194763779640198,"w":0.24898715317249299},"size":22.01253318786621,"orthographic":false}