{"cameraMode":{"drawMode":0,"name":"Shaded","section":"Shading Mode"},"sceneLighting":false,"audioPlay":false,"sceneViewState":{"showFog":true,"showMaterialUpdate":false,"showSkybox":true,"showFlares":true,"showImageEffects":true,"showParticleSystems":true},"in2DMode":false,"pivot":{"x":421.1869812011719,"y":249.61239624023438,"z":-103.98831939697266},"rotation":{"x":-0.017683427780866624,"y":-0.01918923109769821,"z":-0.00037409525248222053,"w":0.9996805191040039},"size":242.5521240234375,"orthographic":false}