{"cameraMode":{"drawMode":0,"name":"Shaded","section":"Shading Mode"},"sceneLighting":false,"audioPlay":false,"sceneViewState":{"showFog":true,"showMaterialUpdate":false,"showSkybox":true,"showFlares":true,"showImageEffects":true,"showParticleSystems":true},"in2DMode":false,"pivot":{"x":379.9499816894531,"y":181.07354736328126,"z":0.0},"rotation":{"x":-0.017683427780866624,"y":-0.01918923109769821,"z":-0.00037409525248222053,"w":0.9996805191040039},"size":412.062255859375,"orthographic":false}